{"package.json":{"integrity":"sha512-hChZfL8wwNjUUmuLmJVT+HTr5+mnnw36bgCOtIcb3J2dr4YPsDNhTez/lqLV1eWUBUaI8Kv53xZIfFUnmzEdgw==","size":904},"History.md":{"integrity":"sha512-lIIsxLIVkDC4D5XMdh2EM4Wj+f18yEVI5fIfgjkwFseKV4WQT1HVRwXSrL/ellBA7d5Zk0KadbfmonEgxmm4ww==","size":1581},"index.js":{"integrity":"sha512-rZvpcuo4yBA3l6L7Leru+yWuUyzcQY886qs1Rmq4fio7+mH5u2uZfDw58hCIX+CTMIGx08ocmGjn93H1yc5tCw==","size":3469},"LICENSE":{"integrity":"sha512-lArkAdzOzuKSu1mXyX6LAt35DCs+nqiO9xLMrwBR9k5ioyHImUcuLrEzq0ZDqv3LMPK9sTEyKdW19SkAgn6Y0w==","size":1153},"Readme.md":{"integrity":"sha512-Fc5tEsI2cVLpQV9P1ZRoGheZUQ0rsgrtwYRuEv5ULxxlRnvow0ISta/SxTTdXDjW5qdS4NRFdEQA35blf1aJzA==","size":3890}}
