{"package.json":{"integrity":"sha512-uOM5sGGS3uM0VowHDrDtjWOwkEf3SuempaydkXzlf5U8SDE0ma8ZR0KR5CkF0C+mAjWKcj8jkusZrZaThbzruw==","size":1473},"HISTORY.md":{"integrity":"sha512-Uq3m3uwiaCStJEUmzt2HRIomD8pJBJsTQnhNV4kSLu9ndp2kkeBwdkTfQCr/hOkrjrEVIwfQ4la+cGSwzfpg7g==","size":5354},"index.d.ts":{"integrity":"sha512-zM2N5SakoJf32TIK8u9+B3LkKYBZA+MZoGjO/kw9Y2o8NVaf1JpaeR76wNvXpPNO2Feah1ZZk6r2/u0mkXa/PQ==","size":2286},"index.js":{"integrity":"sha512-uxPQL2AibhI4eI57/uf78GZUKnktNaaE2S7iIpKZKE5lZsM2OgYQYOx0Z8MXiYGt8tfPQm224UtbIxH4BvwMSQ==","size":6059},"LICENSE":{"integrity":"sha512-BD7tRUVgW7Yqk6nzXYC7iSRy17Fn/5BQ1WzK6hAJPCJu5oVGz7r+o64kDTxj+LHxlseU7F0RlOl82VKwILcRZQ==","size":1181},"README.md":{"integrity":"sha512-aLmLY0cwhSuUxdM9witrZRO+5za3MvltNQb8CFKeiHOzhzvnFcVIH9ASNqnpjQx6mf5JSQK1D5ffSFzSOFF5OA==","size":6339}}
