{"package.json":{"integrity":"sha512-n+5jCvy3/sSZrtCYsqj5qILiu+1YvzmovFYtlCtNtUmdpINHtG51/ObccyWfLiKq+atSqitAYlM21Mv0L5ygvQ==","size":1135},"LICENSE":{"integrity":"sha512-QOMBdEM0CODi7UbSQ3OxLe9H9UXZGDt7zijU3djIu1KAdcfyDhGPN2YdufG7o1iZnYGhRCXrPgpKIIZd/LUxgg==","size":1094},"index.js":{"integrity":"sha512-9DFNzvo8ANJvj/tQ0fk1i591XDrRzo2LIE+SvzbSiBlC9jhLu08XiRMqwEii5xkjI/hjmkxL+IxnrnJj2G5V/w==","size":10669},"History.md":{"integrity":"sha512-V13WCROiGBsFmw/jLDKM4uxz14z+rH1B23etg+HHtdn2SKXk3YR3UZ6rXtxcu2332qFt2OzI2DmK2otpKHUSxg==","size":2060},"Readme.md":{"integrity":"sha512-7cvP7w154ozbq+EliciK9gdkkeXrxDiY16Qycn+iCYSYlqBDRnAo9n99/CjNr+fapxEnsNY0Qy7ZeRW5oaPiaA==","size":10025},"lib/browser/index.js":{"integrity":"sha512-WEiyjdqsGvldZY0RCujBjTCQRCBrBmxXVwXg+LdfSpGP5pLl+Qu6b+KxxO+DRMcJbE9+LOh/f7FTe1XgSJ11sw==","size":1512},"lib/compat/callsite-tostring.js":{"integrity":"sha512-fBEz8uVXtzycXui6Xye0tMduL8/DyxkIukmJ4ECVEbJ1VbdPX+UF2LMzS6+DEnJPdwAh3Z6PzUtDZecIGBXAyQ==","size":2229},"lib/compat/event-listener-count.js":{"integrity":"sha512-b2PkcrJyABAudO1M0Qt6hVSoxbSWaJZwdHCfq0jJXzBBUvHa8v/E2F5BQvclTNWER5BJ4BdfVIFV/b4z4LEH2g==","size":338},"lib/compat/index.js":{"integrity":"sha512-YW6dt5ifln1FmjOR3/itQaRAy/jPq61qE0yP595f6OKLjfOxaae5pmYIGzFqkOJ4hC+i36pr/kIfOG1n6BkQyQ==","size":1421}}
