{"package.json":{"integrity":"sha512-/4xZ3fJ5SJQXjtbfx+XYw611wbeQTH6Y1NSMaVmzVFxrvQmk5UUzxTfv7l4Oh11ZqgaN8JrWoVzK37ATNwfCHA==","size":705},"index.js":{"integrity":"sha512-HtrsonZh8xbq/V8aS78kNTP0oJq8Y7Mwp4ZBsz/7AaFaOqSE7deH8Ynd1Hcef6cqORP+unWaTXsGn/qA/UQlsA==","size":3034},"license.md":{"integrity":"sha512-K+we+03Fn6Q2w4obRbPb1Uo2hGC8u7PZeRtlJ1tdw8caTFS+RY9MdHYdzLiJfvqrRt9aQHcj2lxI89sC1VXVuQ==","size":1077},"readme.md":{"integrity":"sha512-2UfxoZFRGHfybqay+1xFQM1EJ7aulg26bwrkOwWAFRHbHbD3ljFj6JiI7OnYbbCGmHKEBvkwcqN004EUIEJ9Ag==","size":2002}}
