{"package.json":{"integrity":"sha512-gf/ue1SxG0Kq7q8bb7E6xk6JAOlP/SSf4HXBg8Ot+OhFFSnYL2oTIWxz5dGh9X1wPZ/PHmFnQCDZOxUGbTfcdQ==","size":879},"README.md":{"integrity":"sha512-QDeO7rIUdOi+KWKFOx0nmrjhZ+aOutCK5OeTLBMdoxdnKFKRa8wQAOxDoBY2U8RRWKmovoGbSmR5FjrIxTkcpQ==","size":1245},"LICENSE":{"integrity":"sha512-bYuXCL+h88+itj+QFSy28mlgwrpU+hGhbBPh1aP4X0EhUWaZAltrdZ4FGydlCbHWlRC2RCQUNOb4+Bs9+lqOYw==","size":1103},"array-flatten.js":{"integrity":"sha512-ct8WaPRk9pQsSEFVtmcIa7b4P3foJv/NFG7gRQedszNKuicL/7Zs3XltTJMIEh7CpnpAQonxmRTEXZpsFUNecQ==","size":1195}}
