{"package.json":{"integrity":"sha512-PHu9P9BaHyOYSNxgLVnJWTJt9hL8s3x1mm70md99kChctUn9DMX0f0uyePh6KdW0nmWpmkKmVi+BuTrAYZ+bQQ==","size":1314},"HISTORY.md":{"integrity":"sha512-SRewt9G9lniLL3AQ7ga0rRyClBtWukr1nQaO2B5pCAdBuz4Ndh1IT86Irf6XSRbIGntdCe3dzkYdEaVI3jefCQ==","size":4080},"index.js":{"integrity":"sha512-G0AbAlO8j+vGIvbV/oYu7xXJ+h/ppd1x5WLO1YgWR5OwKBTOWs/HuViVdd2MecCGdrwjUs3rxgxlv8sxaO0jFA==","size":6518},"LICENSE":{"integrity":"sha512-takyH7f7pA4ebFXP1LT0x0QKJw4B5zh/cI5FyPtX3qacfwLkT+UP6FWrmYu/RcMPobievSmz2c0A5YHa8V04tA==","size":1119},"README.md":{"integrity":"sha512-1QY3VaNHVJFvl51azxfTnBH2pRqcCIf4+iEdLIjFOA2seyG9I/6vuWeqrLEoh3aptk8DmVN/TBBOKpNVb9RO0A==","size":4012}}
