{"package.json":{"integrity":"sha512-Dr/tP8R9Zb4CH99IzrqCI10W0c/KMEuXzUZSZ1CtK0u6IqTiEeVkD+k7J3Q462qzpYydC/XVe0wH5mHDzEmqgg==","size":2793},"History.md":{"integrity":"sha512-9jtpN86HwpIEYzGW6TdTMd9VNheJhRbY4G3bPWZk0luBPYZExN4KmhIe+Ui5T2kmooLas9UQqwdSVEuH6bTx7A==","size":109589},"index.js":{"integrity":"sha512-dm0uIC3V5SCsIn4o48NZzKGDYFxStOTJXGmCXJKTVs6ncnI6mvSRo2YtPCb3IJ6JzDp69291FlwQRJLcZyiszA==","size":224},"LICENSE":{"integrity":"sha512-XggvFK90CGus/6a6u1h0Hs5AgOJqhMkVFp6F7JXtYHz/PDAgiK1yJad47jTiTl2DfiKwIWHNMLO2JyvsH9ItVg==","size":1249},"Readme.md":{"integrity":"sha512-fGPJlcebnmPkVpETzF5M3FpF6L/Ik/9Y0NQdAG5jmX5k9N4o9Z2SX1CEkFq7n6tEnyjiO9vihWYdbDEDM1rLdw==","size":4607},"lib/application.js":{"integrity":"sha512-i1zkhRi8W1gqdJKnn6eQJwa9f7YAtqGsNV4FDqpoSuzgTCtXGO8R2+3gYjZZmaHUTfjRhRVRmKZe6YJDbH/QGg==","size":14270},"lib/express.js":{"integrity":"sha512-Kt1mtPLozkY0ScqPLqwZNjhEtqsVmkG0IWMCjFfwekJF6+/nWab5DoaFtb0jnJaf6ZNm7/iTeMuLkrinA9rNYQ==","size":2409},"lib/middleware/init.js":{"integrity":"sha512-Z+p9u1yM83tSSyRv7ag5oyioJMTN/Zv5/5f3nyjEUEiz8hPjY7ifK+ODeBXEGQP2LTR527zFqVReiuvyFHRmig==","size":853},"lib/middleware/query.js":{"integrity":"sha512-ANvW7Jlp6p2Fmp/TAzml3U/HDywY0bSamimDiaRHOo5/Wm+o0qggBTZDwUPXIC39ulkjbhmsKLXBkiXS31Lzhg==","size":885},"lib/request.js":{"integrity":"sha512-nOhD2uKkd172JCbeuchTMYfQMa1uB/Rysc5gTnbol6beOxU6U8v98SzNVLfJpy4PVjvdvtz112B2dxb84sn9OQ==","size":12504},"lib/response.js":{"integrity":"sha512-f3R2m/oPXXcm2DR+iCzivXIb6pRLuJKurwY4pq9g375BcU914Pjmeq34uWNdRpKXBLf4fSNRu1DVnpvPyPI/HA==","size":27124},"lib/router/index.js":{"integrity":"sha512-YnNS+h6Asb5BUie37xqsH9j94pz141N1bKYdvW33GUbrQX7DuaO+xT49tjQEhaGB4mekXWxlvEcA1d/MPY0KHw==","size":14883},"lib/router/layer.js":{"integrity":"sha512-fdyrQpqciFe9fpFwyS6/0+PFnOUjIwIbU+JLp3aro6dXCYrp8yZFheT+XzwzHnRzBzATRNwZ6uk0XmhimlxEDA==","size":3296},"lib/router/route.js":{"integrity":"sha512-lPwGc61ak3u2FGaEkJ434AYWM+jXX+IwMz2MVPmI4z99tTIJela1dU/YQPANAaF0TD7UEfVtBahA0kDDS+sZzw==","size":4149},"lib/utils.js":{"integrity":"sha512-OdXqkRDSydE23K8/1F/1eP7LpWIN4RiPHJ5jEsB/LYbZi82sjmHWhX6ZWFgkCBzIxVZXJbEOC8rMz8ujcJ/d4g==","size":5972},"lib/view.js":{"integrity":"sha512-Tc/Zd5lLhPfHAhlOU+H5rtqlaRdXi1hpzPO5ooruVHPq4DleLmLyf8FXzw5Wt2NMdoCuuMEqr4YdzECYw36Rpw==","size":3326}}
