{"package.json":{"integrity":"sha512-nI3fQbMgcBaTWv/OABCNh/F2qeRzoB8D8REEVjl8iO4vuvNPnkl+bL/ytlxPTH8lSlEptMHqorhfvr/7j+Q3dw==","size":931},"README.md":{"integrity":"sha512-cw/styevKqfy5RI8PMF/jtFSYpj85MCXnhYzIUPQ7qmggHgimbmGiUpEwHkrFUAVvgDZ6i9jK2Y+OY9ffGGAKg==","size":1213},"LICENSE":{"integrity":"sha512-d0fEniZqaQdPmJ33QvRRosSm8wPkEjYc/Ax1EA5vuOJYCFhD5sbxzZxSlVhVZhXWfFd4qn2ix8WNSUEeDeptAA==","size":1167},"index.js":{"integrity":"sha512-sXu4yLZS8n2AN+1g8osNGaaOd7zEXR4r590wTJQvboVXDpcgAR+YP7h4PWcOtmwMMXTV/ZBpCyqnnCtAKtzQCg==","size":1215},"HISTORY.md":{"integrity":"sha512-vwNcQ9VVVivd6hmV+ml/vHHZo9Nx6PDshFdZ1SjwHjUMM5EP6GAdZtJmwfrzo/+XsEmdyAxbyhAUlN1Ctci9jg==","size":363}}
