{"package.json":{"integrity":"sha512-XZIl+a4xft2h5XnAbBdHuoC5gdadwLqlKeNYa9vukUpYc23xifNPzTAl5Blr4KITBoYMMTWhweNUUFK1eHTcqw==","size":878},"README.md":{"integrity":"sha512-cxfm5sp19BsoIIcLf4KLNKsG9nfEL9u3tHtosFjnODUDjfLvVTnlz8MVsq4BjKLW3zR87CYbYetCq0ySubhyKg==","size":4886},"LICENSE":{"integrity":"sha512-2YQonuWZRYnohIL3SPwAMnptZqMsF3PcCLg1tDG3bugEGii+UEPgyWx159x3IjoJTOfBFiInr607zuCmCmgjLw==","size":1167},"index.js":{"integrity":"sha512-nujftB3IIzJhX74QNHBvPAweuP9taJGZCtb6qJrXfC519D2/vwtxiE2il+H/RCF+FK6h6flrTCi59Lwf/4d9SA==","size":3686},"HISTORY.md":{"integrity":"sha512-RiFfQt7vSm60IfOfirgcukq5Z0Wb1usSZGNFqdz2mfwY+4jMTsbVRM04sHRoBk5LER9l9sYj2vCXlxCpffK3GQ==","size":1694}}
