{"package.json":{"integrity":"sha512-GEF4r8cJBf9EtXRbyyNUUPJrfn80tyf8cN2x7KVZu79RaU9w9VrDr0b49rFe+fVeuOR8r4MswP2GJs4dHtwBpg==","size":1011},"index.js":{"integrity":"sha512-5BwdEBUcZajV2CCdo5T+JHPxRC9vR8LbGot3Fhesx+sI05pk9aEJL1IPsjBbjdPmem5nA5/JGPObU2enmF1A+Q==","size":490},"LICENSE":{"integrity":"sha512-rJL8AjV2XpWlXxQVsEvTqFaGesNx8QDMBrV52ydh8G8i/m8VoVJwW+hR2T81VqcjOTGiPv1qSOG4LBfP+7XfLg==","size":1108},"README.md":{"integrity":"sha512-7XBD/8LWU2rk70ynF9Jilxb/VfGxOoJydYZOOaOsXz5Zw2Mgj4OLD+F7yiwaWMCiRiEwav9Ts9xd3QkukMJZhw==","size":1718}}
