{
	"registry.npmjs.org/accepts/1.3.7": [
		"/rbd/pnpm-volume/0270ed9d-cfa5-4ab6-9c80-3a427065fea3"
	],
	"registry.npmjs.org/array-flatten/1.1.1": [
		"/rbd/pnpm-volume/0270ed9d-cfa5-4ab6-9c80-3a427065fea3"
	],
	"registry.npmjs.org/body-parser/1.19.0": [
		"/rbd/pnpm-volume/0270ed9d-cfa5-4ab6-9c80-3a427065fea3"
	],
	"registry.npmjs.org/bytes/3.1.0": [
		"/rbd/pnpm-volume/0270ed9d-cfa5-4ab6-9c80-3a427065fea3"
	],
	"registry.npmjs.org/content-disposition/0.5.3": [
		"/rbd/pnpm-volume/0270ed9d-cfa5-4ab6-9c80-3a427065fea3"
	],
	"registry.npmjs.org/content-type/1.0.4": [
		"/rbd/pnpm-volume/0270ed9d-cfa5-4ab6-9c80-3a427065fea3"
	],
	"registry.npmjs.org/cookie-signature/1.0.6": [
		"/rbd/pnpm-volume/0270ed9d-cfa5-4ab6-9c80-3a427065fea3"
	],
	"registry.npmjs.org/cookie/0.4.0": [
		"/rbd/pnpm-volume/0270ed9d-cfa5-4ab6-9c80-3a427065fea3"
	],
	"registry.npmjs.org/debug/2.6.9": [
		"/rbd/pnpm-volume/0270ed9d-cfa5-4ab6-9c80-3a427065fea3"
	],
	"registry.npmjs.org/depd/1.1.2": [
		"/rbd/pnpm-volume/0270ed9d-cfa5-4ab6-9c80-3a427065fea3"
	],
	"registry.npmjs.org/destroy/1.0.4": [
		"/rbd/pnpm-volume/0270ed9d-cfa5-4ab6-9c80-3a427065fea3"
	],
	"registry.npmjs.org/ee-first/1.1.1": [
		"/rbd/pnpm-volume/0270ed9d-cfa5-4ab6-9c80-3a427065fea3"
	],
	"registry.npmjs.org/encodeurl/1.0.2": [
		"/rbd/pnpm-volume/0270ed9d-cfa5-4ab6-9c80-3a427065fea3"
	],
	"registry.npmjs.org/escape-html/1.0.3": [
		"/rbd/pnpm-volume/0270ed9d-cfa5-4ab6-9c80-3a427065fea3"
	],
	"registry.npmjs.org/etag/1.8.1": [
		"/rbd/pnpm-volume/0270ed9d-cfa5-4ab6-9c80-3a427065fea3"
	],
	"registry.npmjs.org/express/4.17.1": [
		"/rbd/pnpm-volume/0270ed9d-cfa5-4ab6-9c80-3a427065fea3"
	],
	"registry.npmjs.org/finalhandler/1.1.2": [
		"/rbd/pnpm-volume/0270ed9d-cfa5-4ab6-9c80-3a427065fea3"
	],
	"registry.npmjs.org/forwarded/0.1.2": [
		"/rbd/pnpm-volume/0270ed9d-cfa5-4ab6-9c80-3a427065fea3"
	],
	"registry.npmjs.org/fresh/0.5.2": [
		"/rbd/pnpm-volume/0270ed9d-cfa5-4ab6-9c80-3a427065fea3"
	],
	"registry.npmjs.org/http-errors/1.7.2": [
		"/rbd/pnpm-volume/0270ed9d-cfa5-4ab6-9c80-3a427065fea3"
	],
	"registry.npmjs.org/http-errors/1.7.3": [
		"/rbd/pnpm-volume/0270ed9d-cfa5-4ab6-9c80-3a427065fea3"
	],
	"registry.npmjs.org/iconv-lite/0.4.24": [
		"/rbd/pnpm-volume/0270ed9d-cfa5-4ab6-9c80-3a427065fea3"
	],
	"registry.npmjs.org/inherits/2.0.3": [
		"/rbd/pnpm-volume/0270ed9d-cfa5-4ab6-9c80-3a427065fea3"
	],
	"registry.npmjs.org/inherits/2.0.4": [
		"/rbd/pnpm-volume/0270ed9d-cfa5-4ab6-9c80-3a427065fea3"
	],
	"registry.npmjs.org/ipaddr.js/1.9.0": [
		"/rbd/pnpm-volume/0270ed9d-cfa5-4ab6-9c80-3a427065fea3"
	],
	"registry.npmjs.org/media-typer/0.3.0": [
		"/rbd/pnpm-volume/0270ed9d-cfa5-4ab6-9c80-3a427065fea3"
	],
	"registry.npmjs.org/merge-descriptors/1.0.1": [
		"/rbd/pnpm-volume/0270ed9d-cfa5-4ab6-9c80-3a427065fea3"
	],
	"registry.npmjs.org/methods/1.1.2": [
		"/rbd/pnpm-volume/0270ed9d-cfa5-4ab6-9c80-3a427065fea3"
	],
	"registry.npmjs.org/mime-db/1.42.0": [
		"/rbd/pnpm-volume/0270ed9d-cfa5-4ab6-9c80-3a427065fea3"
	],
	"registry.npmjs.org/mime-types/2.1.25": [
		"/rbd/pnpm-volume/0270ed9d-cfa5-4ab6-9c80-3a427065fea3"
	],
	"registry.npmjs.org/mime/1.6.0": [
		"/rbd/pnpm-volume/0270ed9d-cfa5-4ab6-9c80-3a427065fea3"
	],
	"registry.npmjs.org/ms/2.0.0": [
		"/rbd/pnpm-volume/0270ed9d-cfa5-4ab6-9c80-3a427065fea3"
	],
	"registry.npmjs.org/ms/2.1.1": [
		"/rbd/pnpm-volume/0270ed9d-cfa5-4ab6-9c80-3a427065fea3"
	],
	"registry.npmjs.org/negotiator/0.6.2": [
		"/rbd/pnpm-volume/0270ed9d-cfa5-4ab6-9c80-3a427065fea3"
	],
	"registry.npmjs.org/on-finished/2.3.0": [
		"/rbd/pnpm-volume/0270ed9d-cfa5-4ab6-9c80-3a427065fea3"
	],
	"registry.npmjs.org/parseurl/1.3.3": [
		"/rbd/pnpm-volume/0270ed9d-cfa5-4ab6-9c80-3a427065fea3"
	],
	"registry.npmjs.org/path-to-regexp/0.1.7": [
		"/rbd/pnpm-volume/0270ed9d-cfa5-4ab6-9c80-3a427065fea3"
	],
	"registry.npmjs.org/proxy-addr/2.0.5": [
		"/rbd/pnpm-volume/0270ed9d-cfa5-4ab6-9c80-3a427065fea3"
	],
	"registry.npmjs.org/qs/6.7.0": [
		"/rbd/pnpm-volume/0270ed9d-cfa5-4ab6-9c80-3a427065fea3"
	],
	"registry.npmjs.org/range-parser/1.2.1": [
		"/rbd/pnpm-volume/0270ed9d-cfa5-4ab6-9c80-3a427065fea3"
	],
	"registry.npmjs.org/raw-body/2.4.0": [
		"/rbd/pnpm-volume/0270ed9d-cfa5-4ab6-9c80-3a427065fea3"
	],
	"registry.npmjs.org/safe-buffer/5.1.2": [
		"/rbd/pnpm-volume/0270ed9d-cfa5-4ab6-9c80-3a427065fea3"
	],
	"registry.npmjs.org/safer-buffer/2.1.2": [
		"/rbd/pnpm-volume/0270ed9d-cfa5-4ab6-9c80-3a427065fea3"
	],
	"registry.npmjs.org/send/0.17.1": [
		"/rbd/pnpm-volume/0270ed9d-cfa5-4ab6-9c80-3a427065fea3"
	],
	"registry.npmjs.org/serve-static/1.14.1": [
		"/rbd/pnpm-volume/0270ed9d-cfa5-4ab6-9c80-3a427065fea3"
	],
	"registry.npmjs.org/setprototypeof/1.1.1": [
		"/rbd/pnpm-volume/0270ed9d-cfa5-4ab6-9c80-3a427065fea3"
	],
	"registry.npmjs.org/statuses/1.5.0": [
		"/rbd/pnpm-volume/0270ed9d-cfa5-4ab6-9c80-3a427065fea3"
	],
	"registry.npmjs.org/toidentifier/1.0.0": [
		"/rbd/pnpm-volume/0270ed9d-cfa5-4ab6-9c80-3a427065fea3"
	],
	"registry.npmjs.org/type-is/1.6.18": [
		"/rbd/pnpm-volume/0270ed9d-cfa5-4ab6-9c80-3a427065fea3"
	],
	"registry.npmjs.org/unpipe/1.0.0": [
		"/rbd/pnpm-volume/0270ed9d-cfa5-4ab6-9c80-3a427065fea3"
	],
	"registry.npmjs.org/utils-merge/1.0.1": [
		"/rbd/pnpm-volume/0270ed9d-cfa5-4ab6-9c80-3a427065fea3"
	],
	"registry.npmjs.org/vary/1.1.2": [
		"/rbd/pnpm-volume/0270ed9d-cfa5-4ab6-9c80-3a427065fea3"
	]
}
