{"package.json":{"integrity":"sha512-5Uu7hJNopTxiC2XQ5KhHhp3qj7t2fzVZMV2eAxwR8j30rJ10a3iDyvP2k8dI4bnJD4eJUZiR7ReTmTQc1J3K4g==","size":434},"LICENSE":{"integrity":"sha512-3R6QsLnIUfPM1fyU9pcjx4d/iS3NCcNXjOcQa4zaR2iFSpSGI+y50lYVMTP+JE9M9hpBO+sFFr77iI080iPXew==","size":1157},"index.js":{"integrity":"sha512-++tUUnTlXw36zoQHpWOHgIPo0u3BYyCjGALntMHb9tN/ILdyx0NssYEK21JO+GszeLa3ajXglntsrlg0DFjUrQ==","size":1362},"Readme.md":{"integrity":"sha512-oJnDBbkSECP+wXhGDSLRmq2N33+yCj8IRhrK80bqoNQHO8BSw464/ZygFVLwnRtY86Chknj2l/5fUFRz4pZMzQ==","size":707}}
