{"package.json":{"integrity":"sha512-4ymm9qON0zvWAzSo3sSpGqbn2rKPCJMkA3SuajA8EmRjmdghQD47gOtRMX0YCOar8wvZGwvZmVH5aBWiK6EFxw==","size":704},"index.js":{"integrity":"sha512-TC8x8fKil6tsVaIdWKXCbK0iwe0ZE+ekhgURHSFyV64tnybqiJ6GEOARupucSHyR7NtM6jQ3U0+vkF6PuJuiSA==","size":2764},"license.md":{"integrity":"sha512-K+we+03Fn6Q2w4obRbPb1Uo2hGC8u7PZeRtlJ1tdw8caTFS+RY9MdHYdzLiJfvqrRt9aQHcj2lxI89sC1VXVuQ==","size":1077},"readme.md":{"integrity":"sha512-vJhgK7K2euT++siVzvIvPCWy52XZB0EhcA3FIzZf6yUrqBNoQnX3S3/8pKjL80toOEquGoS7dtCeVUE3QRcgBQ==","size":1721}}
