{"package.json":{"integrity":"sha512-blySbzojM2JZ8WNtV5CKtFVQpAZobdV9iKa+zmcEsuAxnrcHyWlcbS6umsIa+je9OWkHh3m/BpTO3sWbLMO3Xw==","size":1673},"HISTORY.md":{"integrity":"sha512-uSJ2/ygqsnZrUDq2aobt/Sd8fbVNpWOyJLaagXJq/RAWgWg5Ywk51QxO/JTtB0YaCdHJqUzixuyBo6tTg/voPg==","size":12643},"index.js":{"integrity":"sha512-FaHCm324IyD7++VOw+G07wlzA7utKoM+5nxpHOvFCbufiBALDJZfKATzamJssBfYS6zHccG6cYA3e8wpZx002A==","size":23287},"LICENSE":{"integrity":"sha512-NEs5+ZmIGtLLEM73eUf7oM69p0B/Q/o3xkfpJpYEzvO889UixpCp7tQQCXDPCAkYd6APfGTX+EpuMbCozcufEQ==","size":1128},"README.md":{"integrity":"sha512-afi3lUunitRKH7kN7Vc6gwWVuDnjf6KaaUlyBWPjrhnDkdslhUZUxcI2vnGMZVRcP/7/8qhqgl2kbZRl2CsX5w==","size":9442}}
