{"package.json":{"integrity":"sha512-Rwsv+8vK+0I9Rsck0Ea2Rxp4R/bIqXFY9MItJvQpZVu0DzliAm95NXQd2m7V5kSfuUJTf2EN8T0giSxba7FKnQ==","size":581},"inherits_browser.js":{"integrity":"sha512-C2+FM4fRrRG8d5l/J48lA86SGl9wSZeL9gtjoemnciOOvvZ4CMITLzXWoZjLZDLrQ7FXaf9CC422SVnNCp5Qzw==","size":753},"inherits.js":{"integrity":"sha512-WZJaIId8kZMwjmdmuWwRttkQtFWDxzSYuHYbCRIxvOL099let9Ky6D1rillWibgIeMJ+fB6HNHugP2zLDJRc0Q==","size":250},"LICENSE":{"integrity":"sha512-YVn+aXDNtyncw2O/6DSSSmze1tSqWF+WXm1YtlxU1eGYpps8fU5zOWSjwVQqRYCAFtgWzYmsORlnHGAb0u2XhQ==","size":749},"README.md":{"integrity":"sha512-HbqKiqxQanHamGk0nWStHoM2JpDlsRprDuc+aiAZp9uu1FJlQCnOZBJU0b3js9Pku7D9MTYIRrjP0B3NJXk1lw==","size":1625}}
