{"package.json":{"integrity":"sha512-ressaqRxDtmDRxo8RIX1C8Xg2p7SgzHg12j7I8PyI5oVwEz6uEjMAKVnhkJc7lDK4Yp2+y2z7yejR5d4KhMbTA==","size":1227},"Changelog.md":{"integrity":"sha512-v/7a/09z0p9OdXw8GZDQ+DejTNliRPC21rNBcbJuUHtbzGLUaqeizYu4I6meVhE2lU5eQCC1JagTUaSvLC4zNw==","size":4342},"LICENSE":{"integrity":"sha512-tQC5OulIvgAjKXzNmIc7S4yKc3mDJrhl640BgS+MIlUb9E6t/uwq3hfUqpS7+6SptFbZc3vHpW7W0fkTxSYT7A==","size":1064},"README.md":{"integrity":"sha512-1RRkx9OsoDIJQR1y8DkO4xcy+MuEnM8IojefiZdouKeIwRyBonEgX90/PQGpcmUUk15Alu9qwlK7W1ztqtGS4Q==","size":6534},"encodings/dbcs-codec.js":{"integrity":"sha512-GNRHeMQ09iv4UCIQVtm0A0jg7sNsL9uGzPDlntYDaHZBpgR12NnJxVO7yAyEhZaCkfXP+ze87VhagxSUrTnAgg==","size":21415},"encodings/dbcs-data.js":{"integrity":"sha512-G8epx2zh8vlxl4YA2V93fTs4FjPG0dDEeyJNK7I3UtCVxOQin/g6DOpbqEXGCLrSfTGBe1W2hFw14IIaNKUQIQ==","size":8291},"encodings/index.js":{"integrity":"sha512-R5+uSSiW7DgDV3fkPaiRMiy9kQjSqdBr4WsZ76ziFi1t00KB3xRQ0sh37lWvvWgY3MPE3J9DlA1ipCm/lDYiVw==","size":710},"encodings/internal.js":{"integrity":"sha512-pSMBTQ75hf5kRXhkmqTSulwZKVn7fLk5lfUIOBPxK422aJwLgcu1vEEeYuRLHfkTEJXRS7GMNQTrJ+x8MrTtGQ==","size":6115},"encodings/sbcs-codec.js":{"integrity":"sha512-goVnWr1i9xdNLZTBUEezAy5hbnPohfgHW3ygc6WTIsOR69aMoxRLvriwbnAmYA75w73kNzPyXrfWiQFn0PkHpQ==","size":2191},"encodings/sbcs-data-generated.js":{"integrity":"sha512-q5FUhH0pE21KXnx7BhBXBObPQpZvJgZth/jlTrXOSYSXV0AKnoTgnY8MIv+kX07fRzOVJfjl3Ab9Qn3IWlo0Fg==","size":32034},"encodings/sbcs-data.js":{"integrity":"sha512-aMi6OfZnIKRiQV43KowLL7vbhcSVfjfXpSWocm8j3mgIgSvXU/zIumUA+P0KqRpTK1+EGCM+xPsszWJvQiFbLg==","size":4686},"encodings/tables/big5-added.json":{"integrity":"sha512-rIPvbAmvklgnO1hrCzNhS22mdZkwojvL8dDlQor8B2dnkWvEmwSpihv5Urjo+csPgSg9dHpySvARYtuhhAeb5A==","size":17717},"encodings/tables/cp936.json":{"integrity":"sha512-eBZnCByCKB9pM02RfFPtgafSg8C3zNXDk1kXkKdGycAJYmVAPyhVUVc0DGnjejQLzuI8PieqC9mnID1fyB/edA==","size":47320},"encodings/tables/cp949.json":{"integrity":"sha512-MI5KEFEWOqM13kolVonFeUiMsKAe/8TPVzksD0Kbv8rUZvaYYU67+uOHgr1t7Qkd6rASGWYFygI+JrahxFyQDA==","size":38122},"encodings/tables/cp950.json":{"integrity":"sha512-YAh3DY6Pzg8YscXyvDe1GQjsx1/FDWKapQVxP/XoqTT1+VcXA4It8NItO2d3tBkrcnAF52zOtXgTWkG0bC/eYg==","size":42356},"encodings/tables/eucjp.json":{"integrity":"sha512-GpI1c7LUHuerQr9s0hvRfQS48N/i66dBkACydou1aTyO1aMhcan044KYE2jFgshAnNMqThBnpNTUdjXBJ6BCwA==","size":41064},"encodings/tables/gb18030-ranges.json":{"integrity":"sha512-tXpFTXHk8B1JrcYGpcarVhaGnFTww/nDC4Dn7xOmckbp36Wqygbpawp2AEzPyhgBdYJRQbsqc2bmXo9+RDpD2g==","size":2216},"encodings/tables/gbk-added.json":{"integrity":"sha512-O448Vnxaa1OLnPxXwZnmkA2c/cVDz8388M1DyT4tAxy3EyBn+TYTbjWGKt7KfbOyr5JvCs0EM/IrDcxvkPp2Lw==","size":1227},"encodings/tables/shiftjis.json":{"integrity":"sha512-4CRJ01YaTThWyYH8w1DQg2uj5VyC3ZZYXgVfbhbc/SwdPs5Ez0c/VZJDAaEUP2bdNyeT7dE7owJUspRGV6OEHA==","size":23782},"encodings/utf16.js":{"integrity":"sha512-HhueP8OqCL9I8U3kQnBuFKCwzr4LVVdeN5a6O3znF9jffd4dP/Pw88kpl8Q4+2jmpDvBWmBUGvZZ6iMkQU0m7g==","size":5011},"encodings/utf7.js":{"integrity":"sha512-plv/jN96ju7gj0iD/IETgBnj1QCjAxyGlJHBPrVOIYiB6OrSQX2jF4dDs2eyk47XrhOAPmzRgBHXozntgdpm0w==","size":9215},"lib/bom-handling.js":{"integrity":"sha512-vWLfBAavL2fUX8QY+uxw1tY/WBEnBM/fmii8YzaWBDVUoJBI5pq7tOPd5lPYX51k6dDVwBF8fZ1ASRTaUyP8Bw==","size":1109},"lib/extend-node.js":{"integrity":"sha512-I3gJuP049ZTlg0kumNKR/9buRLXJRihhVCC12dr3bwOxYZ3fd6wwb+cyNTDi+mNGGUhm5+Fl6ukK5QdbLK64Iw==","size":8701},"lib/index.d.ts":{"integrity":"sha512-Uu623zUIWo7qk3TRI3tcrVwtjsE3C5Z+GnoRua/TxQOuAUc+kLxbXXBZThYJbPG1zxwh1VZVGrKsn/QWKEwuNA==","size":982},"lib/index.js":{"integrity":"sha512-jYrE6RGbvh+ahHXtu/+8smDRfqyUvVwKsyHRAS/NB2J4akSSWTVfJaEJBb4YBRyklPEg0OgmAFujNGiwXPxU8Q==","size":5123},"lib/streams.js":{"integrity":"sha512-a7tsZUt1oj5zND8svI64Sqywmpjk5JqHVonnUEAzPtquvchknag5m8iVMhUNwaow9fD7B8FSPJSmy6OBfzOojQ==","size":3387}}
