{"package.json":{"integrity":"sha512-CvINU9qE6cauhVP38rcB9oA8gKLP3PBwu+ldaUwsdNexAo0krvVgxhSANGXJ+ODqMOjwNzEdZc1wMTSCUSLsZQ==","size":1341},"HISTORY.md":{"integrity":"sha512-Kr4tznp3EMxfGo1G+WMwFH8Aj0xn4VTaHAXzJmwUsyMD1BdDYp/stC8umMHmeKOfeYusaPDR4ss4N08d5SUbDQ==","size":3210},"index.js":{"integrity":"sha512-TIQe33kvN604bIDClrZo2wWHluNQg9Vk1nQRHTr5F1r98VRreLn+bom0XAGxFyOAQIZIicVkdhBlxn6udtrzpg==","size":5878},"LICENSE":{"integrity":"sha512-IlBI/ecFfFWsTftdr4pcQokKJYBEOZOhZW24ByAxG4NQEkIWRlQUbXHQKPO7qKsnFilv16bewfxJ8bNxqNYT5Q==","size":1168},"README.md":{"integrity":"sha512-QmIaBVyzYP6cSC4jyfg3hAaHr8qsEKiO17AMhPOd+FYR3HDir+ZvqiRTLkgeNkcTKmNNVT4UAOr54jY6knj3Ow==","size":5554}}
