{"package.json":{"integrity":"sha512-9b890+fGMOW3qNTeUGiwNhU5WLT2lS8qT0K3ZCwE6TEkDLqphC/rLvtRU3xjNcu08A1iHOzDCYHmSwwEqu9tpg==","size":1357},"README.md":{"integrity":"sha512-O+bgMMlky1eDoBfXRS6EE062AIwzidD/55txhYa9R3I7uoD88b4pAKF+9aFrtvk0vbq8wSQUhurwjQQ6DHIyQg==","size":3374},"LICENSE":{"integrity":"sha512-BhaNV6NyrRHymkGXIymQB2dg2/d/D/D9gpIZAVS15SPrei3jKEY8bO9dmmjg0tXIVSDCb4LNpQIjEmDqcaHxsA==","size":1174},"index.js":{"integrity":"sha512-2N2aClrKXVtHbU82XzrZmTk/dlkuk0AhmUbHm87RvzwBliJHS4Kf0orRMfVAv7MTLmNdZliPRFSDhPaW2qIn8g==","size":2711},"HISTORY.md":{"integrity":"sha512-uN1h35BZ91Dba0SjZD9nhMo5oLpBwWwUkSQKMpMqTSKun4iQCBe78b064QFOq6Pgg3NNFQnKJ6N1eXMRgoHg9g==","size":1500}}
