{"package.json":{"integrity":"sha512-qW46hwb3ybkP5dToegTAs9fMnZIWRw3lkTXG09bij1hdjGNfw1aFoyC8dFFYN2p3VrbEBDdfsA1Bdv1skmeVxw==","size":1269},"HISTORY.md":{"integrity":"sha512-UwiSPSD5hN/EYEpwVXZNiy1jnOhM/UpAPOZxBmGooCEMyOaOyjFKRCZBhIpMwxT7AkNVdYMXanGjZDiMGHC53g==","size":10083},"index.js":{"integrity":"sha512-zLDvn0vvSPFs/PVDItMGqwSSC9EznTtmcmm9oJLitM5Tcq3RCmg66eKnRR3xaM60lGZ/orUM4dvB/EaOrW1xXA==","size":4570},"LICENSE":{"integrity":"sha512-cEbepm4DpaqIqMBliCTv0X6H+rjxhM4v2a+WIJYf0ucurI29fQ/3D66ZQz1Re1zZJ8EhfjYmIPGZFinK8b0shA==","size":1189},"README.md":{"integrity":"sha512-TCovT3qEvaBks5y9DRfv/fQzgZhywVd0/vg370tMId9PoIREd6UxIsWNJDh1Tn7xK06hC7FI4G7aMvUbOt2boA==","size":7783}}
