{"package.json":{"integrity":"sha512-8y/J2A6x5GR1SMmrzKAVr8gUjSy6A43c/CgtSsVWpL6QGDR0WByr41yD+KitY2oDVpzOUoSMhELX+JFbnRmnOg==","size":1341},"HISTORY.md":{"integrity":"sha512-guhOosdiGm0gUCFVHPZGPQLzRNmbllr8gnIE6pd1FSv6/qMXv40d9Z5jn8pRScx2UuayJ8NLC2w/g1s+/v/YtQ==","size":3145},"index.js":{"integrity":"sha512-TIQe33kvN604bIDClrZo2wWHluNQg9Vk1nQRHTr5F1r98VRreLn+bom0XAGxFyOAQIZIicVkdhBlxn6udtrzpg==","size":5878},"LICENSE":{"integrity":"sha512-IlBI/ecFfFWsTftdr4pcQokKJYBEOZOhZW24ByAxG4NQEkIWRlQUbXHQKPO7qKsnFilv16bewfxJ8bNxqNYT5Q==","size":1168},"README.md":{"integrity":"sha512-QmIaBVyzYP6cSC4jyfg3hAaHr8qsEKiO17AMhPOd+FYR3HDir+ZvqiRTLkgeNkcTKmNNVT4UAOr54jY6knj3Ow==","size":5554}}
