{"package.json":{"integrity":"sha512-2B7l8jlEk6X5ORjsrmWB+C7lKfu9JX4NwQ6mjwnDnQ0Z46aw6VYOsSUNiKmx9ZHWRp8oQEQQsWtYDL4XnjfaDw==","size":1091},"README.md":{"integrity":"sha512-A2UJJl0UoT0nEyg3PZlty53a7HxuhDfccOKCzI9QAIwuSt3ttutkRxccsjhRNQT3MtlgrKPtlzuT98uAop5KsQ==","size":3855},"LICENSE":{"integrity":"sha512-dFopY1mmM4PKVCEb5BHg1vYZE7GEmzJMaZYbPr7EDE4srhZsXjX+FK6S0StWxUcrIiKSEfiK+tiHQQpjicbhyA==","size":1089},"index.js":{"integrity":"sha512-jbXZqTjzl8Ecdcd8DL5utgnF1PgaWQ8iEWP+MpHNDLKmKGuok1yPjP2r7Oyffkmlv6g23Hd+k2Jx++Da6nQU5g==","size":1586},"HISTORY.md":{"integrity":"sha512-FCKolhNCBfc/1Qw/EM5cywrZjSlM24pviUTSdwts3137qroHJSn5utVv0CAtEw8Fkuf9WvB03As9EFkXOqHPpw==","size":238}}
