{"package.json":{"integrity":"sha512-w4TzaBl8HrFCUlaDmO/dH6/kl7qYVTizlTKU1d1rg7dFsGSO3WBInWrj6hRgeq0+bg04y27UvlaEqq3kTDA9kA==","size":1133},"HISTORY.md":{"integrity":"sha512-GIUU4i26tvVftlJmUT9zb5GIVtNNwvb8I//qV6g979zyYUDROCr3ChdZ5zgtWH03Z0DF0A/X5wgSRikMrw6Ayw==","size":5447},"index.js":{"integrity":"sha512-61bs1IoiiTPtW/AFV5H+4je9o8YJzfhN8CHWjvWSJAGxihxckJmwo6FQkb62HFg3qahHNVJxz8rvTNzgDyvkdA==","size":5562},"LICENSE":{"integrity":"sha512-68E3wBwT2p2Q/UEXKbEMsV5rfqPzGmud0j0Kdprv5hy+pzaMNmmLDVYuhdygjryqWZlvllMpWhx5JSy6PaPTrQ==","size":1172},"README.md":{"integrity":"sha512-cepc6nPF5UGJC7Ma5akKiMoZp1ZbCilXr6D4dd+1lvm3Re4dMQ0hSc7d67cAjvhEX/a3G04+BFb/i3saWa+XSg==","size":5183}}
