{"package.json":{"integrity":"sha512-sFFNhbdppM4ntb0Z9iMA7pKcGwIl7sj4PtOJDOgMVmkJEU9EfYTgnT5NT2DleY/5QyUguEQ3nrNrJvTQD0QJOA==","size":586},"README.md":{"integrity":"sha512-HbqKiqxQanHamGk0nWStHoM2JpDlsRprDuc+aiAZp9uu1FJlQCnOZBJU0b3js9Pku7D9MTYIRrjP0B3NJXk1lw==","size":1625},"LICENSE":{"integrity":"sha512-YVn+aXDNtyncw2O/6DSSSmze1tSqWF+WXm1YtlxU1eGYpps8fU5zOWSjwVQqRYCAFtgWzYmsORlnHGAb0u2XhQ==","size":749},"inherits.js":{"integrity":"sha512-4lAqWJzo308f0eNe9AbXAAYSywSKMNpebuxB9bUCtDfpTPaX14X7roJaA3lzTeyrTXlA834oK7TvxqYxNPImzw==","size":192},"inherits_browser.js":{"integrity":"sha512-zBAOp14xBnYFM8SK035WVQ7Xj0ZvOYtwigtKTzJLQxv7qBFY9jJefzmN/6g8DOAG1zTTMxV6vpIaTEV0QXz7Pg==","size":672}}
