{"package.json":{"integrity":"sha512-vlelHcCdui3BOayo1EXaizeYxCDClD8gl3Qa/Q3RTLGDVhhWtVnYOs/Vo8LWBJpLq9ZyWLIzAicARqvtq8VWhw==","size":759},"README.md":{"integrity":"sha512-K/3CrJE3sNwVflaVFwfz3A/D+o1yHYT4kbCYfMRWAIv2wprl3t6sllQzvXgtv+JGEZA1uXFPNPUm0TNe7RFwiA==","size":2371},"LICENSE":{"integrity":"sha512-mhUQwl1LYmjtNJEHhXlmruZl7L2vtEc0GRXQyWX3NdWXJb0lO/Nhz2XpndFm2+nZ8QWeRVx4tAbPR4PS26RTYg==","size":1089},"index.js":{"integrity":"sha512-QqsGy4IqPGlJJSs5RelisNND8P0SSSqGUMUlcz0sn31u2JPgWSKYHaBbkpCWAMby5Cp1y+/78U6yuO0WfrjRWQ==","size":6375},"HISTORY.md":{"integrity":"sha512-hBMTNWc/xWqOeLygIHEkyx37BdyIs67b3/OnuxJty+Vbwr+BRNY0JgUQf23a0+UrBmBxZ2OO12Hqv3epVboXXA==","size":461}}
