{"LICENSE":{"integrity":"sha512-oaKT6wCX/oeHXzv5CMwLDujxXplcaOmEtqJOJHsulUQH15QeqWq9f+ACob37cT/fsNODnZSKM0YD8F5kSCn2Bg==","size":1167},"index.js":{"integrity":"sha512-wkid43nvph1ozqfx1M5AWTpIqG9iyL4doJmkRi3wcFwyTOImCxmY6b3klNKoFYxg11F76ESNJyUjedZ12Zrhvg==","size":3663},"package.json":{"integrity":"sha512-VL4+Oln4WyaPdDdHJKIAAW7p3VCaN+Wb6H9FmBmGAscB5HCIZ0jOtwc9Jr21SLRaRjCaBRTLzNvXZxvwKhwTog==","size":1097},"HISTORY.md":{"integrity":"sha512-GzR6L+LpdZBfhOQzTRiYQnNPAl3+HHUGztY+0hVJUFts00YjH0IESE5TB/uu3fT+m67Hy0Ht06Z+RKUoVf4xUQ==","size":6641},"README.md":{"integrity":"sha512-+Z4/IP/GQcYj3hRDghWszB6vD67wY/DYmoUKmFbzsf41tWInWLYqeZjE1BjT8phRtTm4eyrLrNGzdLoOvo0nUg==","size":3494}}
