{"package.json":{"integrity":"sha512-32hnbUmz41QUUqLrdv67OhTQhz3jopN49+P/F277rnsO1dpeV4R3+mOJGR8LA+AVzkBogvceuXm0SF2vCjoVyQ==","size":1472},"README.md":{"integrity":"sha512-pHY8dFu7lTAoLVyzT0mDjF8I5u1AMHdGrmK5A7EBT4UwUAv1hlXWkMUfM3T4V1m/C6lZoWFs/rlMvKCpB/CPbA==","size":3458},"LICENSE":{"integrity":"sha512-XMak2Jpdyxqd52W8dLdmy4u4BxinqJrtvcP3uYH9wv+rc4Lus/HKFa+Ira0yMsecQwlK0Vsh3b6HJDwWQ64GQQ==","size":1172},"index.js":{"integrity":"sha512-/+DyHeOvy5cpOF37+bwPiJQDyGETcmG+KEF6k3K+5qCG+YBkNt6BeTaCEd1ZIsQ4nVaKUbteIUZorzev7urfIg==","size":2088},"HISTORY.md":{"integrity":"sha512-3ax2CHmUPzVedPnUjwJrnpnbBj8B6B6OBUeLcvGoaj08GycirBa8qyFVpBH5UKOh9KrqCLQmvt9HrhFrbOR9Qg==","size":1023},"codes.json":{"integrity":"sha512-r7k9gSpK314AI7N2pyDqOVTbMq16CzA7aet+G0pUjpFctvBK94yAwLYSkY01oklde/ytLwtQ4rEV4+AIRKgXxw==","size":1821}}
