{"package.json":{"integrity":"sha512-o24IHErni+5rAUWTaP+zAMJjdsc35QpuXwpoAHH/wksps/Zwxg+aWAOV2pBxI3fnCe8Bl3UKc8lJjQwIYddVzA==","size":1011},"HISTORY.md":{"integrity":"sha512-Xy77Z0EzWnja+UDr4mzhQ7GQ/Rhw4qyG1flOkjDdFrShk4AYPiDJq4GmtOKy/ogFYvr+GLsIg/+M4/AhCq3wEw==","size":2406},"index.js":{"integrity":"sha512-N8GxuGRn3elhzBVUtobb3h7TzyZ7EpnLTFFHozhMLWgF4DiFuHgIMTi+eQQ7N7dAJa3diDNwjPPohCUCYPsWLA==","size":3344},"LICENSE":{"integrity":"sha512-cVxpVYegKHM6CS2xLIzymGrHRdLS+ViWHaqPm5RXdEvmPJUhwNNLWUu04IhKAMXkHhm+uWZuQmURhjwtgkHDNA==","size":1177},"README.md":{"integrity":"sha512-HIkXjt7CLfWa5LwovCGp4CT4ZCsCvVSaBIrwp6Eo6/6Km80tp/lP80Sll+rs7F6G16L/aB6HYUtdNO8Ejg0/8g==","size":4811},"lib/charset.js":{"integrity":"sha512-bFuI8vVgmQGPE+QPDGdTUiceY+kosDzSVjC9qVBZ5cKJx4dSlH3CnjCeZiZBc9bO18xj/L8FGOlVuhKiur9Tlg==","size":3081},"lib/encoding.js":{"integrity":"sha512-8ZZqNF8zgAdTJZUidaasBmj+pSrkyq1DHYq5Bor+GjwXti0r4N2eGbSNhD7POlj5Tb1SJAppI0orIyBERozYbw==","size":3506},"lib/language.js":{"integrity":"sha512-QwtzInYU7hqUXnFnSDlUqduJzK3aXAFKdn93EYGce+VYoOAkl8WucHODlga2tqtvFgeXM6IRLXYzkB7Ro3OCMw==","size":3408},"lib/mediaType.js":{"integrity":"sha512-RL++yyk5Obxd8bmMSD/AHzZkDeFSJdk2uRn3M6ICzN2i9yf1VDhT3m5UEVe93ov1f5z8kY4OrRuZBWnhd5p7pw==","size":5358}}
