{"package.json":{"integrity":"sha512-N99y8YHTriry8NEoJEfZfSj0WbQuuYJs0Y/l4WIHPTovXEj6gEe1zYOm+DhTnYU1FWUrV/hlrU9v/ea/x3W3Nw==","size":870},"README.md":{"integrity":"sha512-oGwvOKaoPtMCiL4lFd3PBa4Pu/fckYnEfMxXdIAejbvEjhpZhjcnmywB+BwInjha881o2g/BPdqsHqvy459/Vw==","size":2185},"LICENSE":{"integrity":"sha512-UMHacIyP0mdeqn3RwddNQmJM+tRnkJ36atiCfecziXFoderaQYtNoFYpZyiyjcCVnPdjkihNzO1GiFfR8hhqmQ==","size":1099},"index.js":{"integrity":"sha512-Sjd7pc6Gd8R7Oo3AjevFvQSvVPyzrfng+N+DPneuSAeVSVwJMa+hd28ccwdg3JmePqIsJf5gS97P1/0bBEE+/Q==","size":1043}}
