{"package.json":{"integrity":"sha512-EhEgcq1OBffajqarpveW9J9t01tYlNvh7arJmKg7m6GbvjCg3Xb6jKgZ/+IpH5oJ7X/JbDxZ4ENCqS7qsg184g==","size":1556},"HISTORY.md":{"integrity":"sha512-pYDtrcaDIAdg88BROaZlbYjtI575CJcF3SEviAmSlWiWIs3ASLt/eU2eBnZT1fPS6qXwf9xM3/65nmpalidIGg==","size":15113},"index.js":{"integrity":"sha512-ROqVbDKpvRSHDftebsQE0tg+f7K7Ne9IczcmnxA+FqWSbLBJ2vT70X3iSjbawweejYeXFmrtuWlhHbfgp8WCAg==","size":2656},"LICENSE":{"integrity":"sha512-68E3wBwT2p2Q/UEXKbEMsV5rfqPzGmud0j0Kdprv5hy+pzaMNmmLDVYuhdygjryqWZlvllMpWhx5JSy6PaPTrQ==","size":1172},"README.md":{"integrity":"sha512-5/bs8Q8toLa7FZleZUbtgwlrL6zxsGjqdkkP39vmj2m3sODitTojZfO/UoecwhBTFZeIghoq1CmpCUe/cUFtDQ==","size":17100},"lib/read.js":{"integrity":"sha512-k5gSPQCzV92OOEf9WmEYRnVCfRPQJom18DM4kXLgCzPvcOg8kEIJHumAKjKX9edFg/Os1Dm3IzRZEtQuoiOb4w==","size":3894},"lib/types/json.js":{"integrity":"sha512-e30155Ipa3r/abNai86+3qovgbk0gF/+VkMMCQbwu17tJxO0gQ0MwEmQm2kb45y5OFucDwn9XXcXgbcAjY9zZA==","size":4918},"lib/types/raw.js":{"integrity":"sha512-FXQnrSU5AzmwRbm7gXU3CUmLabLMi5yRjBnVLRy09rvltrB4hdCn9m7zWbcIDcmkIhb3GRGwit4EwaESGSv/UA==","size":1884},"lib/types/text.js":{"integrity":"sha512-XZycaDe5WZ0p25setUzSpOIV/usCgTfzHCDysC449gCqjAJyFETcQde/wgatOagQB2hT0J+h4xE7VwinVEMTHg==","size":2285},"lib/types/urlencoded.js":{"integrity":"sha512-dnaHHdMBLa0Ecr5RaY2dFndiK6PTkkF6QdIu9/bX32yAhVFrub3EXU8SWBUWGJmqiJ11bRjNQfEeJALmWfeTTQ==","size":5797}}
