{"package.json":{"integrity":"sha512-dLLY2/mtIuSFejfKFwgkgq4tkIRt870h0MdSX7koiZ7uXInmy+22CSebepI/rl5Xu5fduAcIOuctD91NCs8Qgg==","size":933},".npmignore":{"integrity":"sha512-z4PhNX7vuL3xVChQ1m2AB9Yg5AULVxXcg/SpIdNs6c5H0NE8XYXysP+DGNKHfuwvY7kxvUdBeoGlODJ6+SfaPg==","size":0},"README.md":{"integrity":"sha512-0l5Yr9lSiN2hzJmnDteh6Cssz9meyVHwJtL7YHT1ne/GUGCxBeCF7V1+V/LCIvb9gEOTLD7G4rjXtE+Rj3skAw==","size":2119},"LICENSE":{"integrity":"sha512-0RBvO8ZO+t3dGbEdSV+HVSYQl/7ZWsBG7Vch8UtFO5LmoZHME6oQIy56Wd9s+3RNvpuFTY8NJcSbUDN/YrIZhQ==","size":1098},"mime.js":{"integrity":"sha512-ZMVNOwmwNA8h9fo1nazcTfW7GAy1vebvtPwBBrULsfTRMB0g15RB2KmGEzj3XJTtOvEtxE4ykaTusIhtxmHUag==","size":2726},"cli.js":{"integrity":"sha512-eoeKptcnw6FJRWPmzk2b3FP6u1Et94/unrXnYd48qfLdZ6u1RvUywE31LLyEgpLNzZNAXM1T8QgKVKJr+7nT0w==","size":149},"CHANGELOG.md":{"integrity":"sha512-72XL1nfZLpBwlz59JvUt1PU8iaLtriaDvR8kE6o3OB8fHehBac0yMuYebbclo4FM31vOhGMsWEc9ijaHOfc0+Q==","size":9473},"src/build.js":{"integrity":"sha512-m5Yj3ddPERfaSd/c79CsUyFBnos7yGCPTG8AwRx0+FfxrwM357h3t/C/wDO0sKbkcUp9VmlgqibJC9Q4nsuMlQ==","size":1351},"src/test.js":{"integrity":"sha512-Y1yx3Ztu7wSseVbxhgl3d5NrSeE/kCtlq/vaeRjBbP3elVDDoDdDXTrY/alCP8m5rdLMTK3Cfvf/W+0lWiLwgQ==","size":2334},"types.json":{"integrity":"sha512-PM2lIQTKY+omZtZo94S4904liJbNRfJNL4O9DT0J2TjC/+ySaxs/0KjEVROWKeaWcRKd4NAHK+240bazsiYOIg==","size":31555}}
