{"package.json":{"integrity":"sha512-1f7uLmyK8xVgoxQevkJUzmaXLam540Y+r86iFPSRMeMlE2UD3j8Pp2tFT2Pr/b9dWZyvVYl4qspaFlbCx8juwQ==","size":492},".npmignore":{"integrity":"sha512-q+7dJts5ibhELFIGGe9u+3CICq9IkmWElXGxbnjgvTRCa7c+/YXikc8LUMd+h+bjQUwo/ubd1OEIP1ZKWBGtlw==","size":29},"index.js":{"integrity":"sha512-IU4n7bQ2eqLvMixNhXqRjr1XvIJWRhhPkPppEfgws3Vfzh/f8wpdIx6hG6Td2CtPKvw2RRKJ8LQzTERemibcSA==","size":1230},"History.md":{"integrity":"sha512-f+/Ao8OCWAlpbz8A2bDQI87sBzG8T8pCeXu0WAOewAVj1B1iGuTvj14V/I/k5/OhdKu5xHw/2e3NqlOQ3bH46g==","size":695},"Readme.md":{"integrity":"sha512-xyXowRKuT/uVk8USY20ckgjPEL+wVZAaANDciSyVYXrTMAgpJWlyuzmWkUsIXQqGIgfSFND5NCdBE11+Hg7LkQ==","size":1490}}
