{"package.json":{"integrity":"sha512-VN5hxqtCgQT5pVns0994aKt/G1yLhaP2WMjasT1DW9B2bGtIF4odW9CDsIKfZGEVjjA1OMfQh2GyAbF/fJlAsw==","size":859},"README.md":{"integrity":"sha512-Mwn5M4bxqCdfjvHXay4kLIKHw5ZivlZ6UB3uAXtVZMDx5zujMoFv1jh9pUl5GKWygk3A2pSmsezXqHyF8fsq7w==","size":2617},"LICENSE":{"integrity":"sha512-UMHacIyP0mdeqn3RwddNQmJM+tRnkJ36atiCfecziXFoderaQYtNoFYpZyiyjcCVnPdjkihNzO1GiFfR8hhqmQ==","size":1099},"index.js":{"integrity":"sha512-jmeeol+Cko7X1VpuLAimR8ZFfYR0kVVxYnO6OzOgMMJi3TWaO7sSRlpY49yJvOycP7fpzmSz7PvysU30m52v6g==","size":1684}}
