{"package.json":{"integrity":"sha512-iluJAB1iLT9Tp+zknh0zl10t1wo1bwZLw2jDjwE9BBqxz4E+LWmo3zJ+HqQrp1UxLdcyv7lSzelmCtVHBWt8Gg==","size":1174},"HISTORY.md":{"integrity":"sha512-soIZkT+6dAABYNjNptI5/hhxmCxTxQqRT7XDD3+oeQwdUsjHI24gvo46/TKU8sLMQEu4lUvealXvg+rwmTm46Q==","size":4972},"index.js":{"integrity":"sha512-x5W3KFzJJhakb9GtLQDOZftLJp5rb8NTFYkdEZt8Jbf0VzVAvgYn1XcSMgHZz+EZyKU/DnWotuqHD42JoTDCEw==","size":5252},"LICENSE":{"integrity":"sha512-oaKT6wCX/oeHXzv5CMwLDujxXplcaOmEtqJOJHsulUQH15QeqWq9f+ACob37cT/fsNODnZSKM0YD8F5kSCn2Bg==","size":1167},"README.md":{"integrity":"sha512-t+dknP+z4ncLU2LKiW8dg6xJxT0DJw6xIknt9UDk8RdmfRi9y8ECtepYJwxPau4zd4KieVEWdvF51YFEee096Q==","size":4081}}
