{"package.json":{"integrity":"sha512-uC6fuApxyFFyF1fUnex6TaD+tktBZfXZ9B/JND3mUjGUbUarHUjkUCg+UhZ/hdQ7iihuxgrJKdmEnsR+4+wNGg==","size":1716},".editorconfig":{"integrity":"sha512-HFiT22ivBTgaH3CMqbjwYR8yBuFI10Wby2Qd0BUbEbBKM82Uy4tIkpvVTTId7Grpe/BDQwHU4PZiRvP0sFhnrA==","size":399},".eslintignore":{"integrity":"sha512-V3pNummiob2Q279YtHxR4Q5u2Ch2p/AfTzQffL+miS0+PltrVo1DcE6tI/91EtZmm7ekZ0Cfaabys/CatyNh5A==","size":5},".eslintrc":{"integrity":"sha512-jTqNUCs+C3V4KfQvF1xV7HHVizezcDTL14HorNRzdx+5y9/5t7NAxzvZMgKjTT/FtU7CJlbFAQwDtpvl6rcOjg==","size":647},"CHANGELOG.md":{"integrity":"sha512-susj9eAs6BZ7+9AEfv+KKyHg7gO/PPlsMiuDDaxtXnZ3u7iOIcg3dbWm8nYpRpxAiND1UOBxAaIjLexU1pWYcw==","size":14655},"LICENSE":{"integrity":"sha512-Lo6bGLhS3Rg2URIm202yQwcKXYrfV0i1bBjN0wg49h8LC9w3MC73ga1u9xJB2o/pD5CyI7w/4BhiVfIgEtnEsA==","size":1654},"README.md":{"integrity":"sha512-u5sJUv6xuHQ21hG4t0GHQR8TRcKFvrm/8gvbh14HeYAUbDknbXmupmVINuD/rBIUrUUgN9dkUCb5q+L88ZVaLw==","size":18228},"dist/qs.js":{"integrity":"sha512-YmwIBBm54lBBKGnyPhxBtw+lP5pc7SJ9o9/x2u3bNhsozkUxggPiDcbfC90hx6f1EWy32gnGXol8rX7zEruQmQ==","size":24660},"lib/formats.js":{"integrity":"sha512-pMyBdosUow+ehrU5zGsJvVz8QcVvm/hoMC/FRevfL7s+Vd3RA6N6G22zKRBo6NLDz8Pwl6/kulHtZtjQPu7Dig==","size":387},"lib/index.js":{"integrity":"sha512-UDZdA1gOXbn9B/0Hccy3AuWxgXPnIAyj6MeSytulcfbt1bbMEkWClidxQ8PGPNOtres8jcoUCmoYxSWxB8rmag==","size":211},"lib/parse.js":{"integrity":"sha512-YiWFRiU3ePDZwutZlL4SbyVAGnncjvCza2RwhgW/4hb6RYwA+thNmZ9NTA8RGeq9jVyb315aSwuRrbLvo2hEKQ==","size":8492},"lib/stringify.js":{"integrity":"sha512-0h0O9dt7WO4SEevW9WlKBLnnbwRqe9I+EmMIsSNaoCu0aTu9zzPX7qx5OTUybuey89C+IqWU9XhnZ3nv5ZnC5w==","size":8230},"lib/utils.js":{"integrity":"sha512-APg1vd7NIhhjQPemsNjzKWgWzFi6hIr7gMKPVXbfADFV444pkQXwJbcAtxXFjzFkPRlZbpx+HGuAlvHaeSPkZQ==","size":6204},"test/.eslintrc":{"integrity":"sha512-P6H+OwDinEcVbDXV97ElEQqKgsKf0EwVJ7kKVEaPZqnXwWC8SIt4CaH0QwMYpHOtPlTGadaREgO+hYYVOvvftw==","size":422},"test/index.js":{"integrity":"sha512-QnNZPrIGNx8wCDMMAQLKmpolTYcPqFfMlXGow6T/u92sD+wdpXLW8/WSwdseVwrG2nnycZpHf34ln5p6eEzocA==","size":81},"test/parse.js":{"integrity":"sha512-ff2wuwuEUcOXpbVU1DWKgpQEY+h4w6cDnizS1OeP833IqCb4+7+rxWBrtLfzGUnI9ZbGtJ1ob1yhjoolAlpwHA==","size":27758},"test/stringify.js":{"integrity":"sha512-F3o/fwy5mzjrEQH5ck+FynNsUYSzbDeTXcDdZ0cM0wG2vinyjvtSyQnPcTGKK5J8R6QJEDuyOu6jTqskZ+bmMQ==","size":24073},"test/utils.js":{"integrity":"sha512-5LjU0drPgdJ5JTEDmWcXmJi2blSX/kSMMTU5sEDDSstM4Wjq5rBsFaiaOYPpPbbyt8F5WkcnkfwWzgqYWPl8uw==","size":5096}}
