{"package.json":{"integrity":"sha512-x7Uwjd87263EpQUFRrnhMbcP1EPFv0cTxLvfgWs5HtBF2YQDsYlAm+jD2x99m7LMmmIECLYcZgWzo0BerTzezA==","size":711},"ipaddr.min.js":{"integrity":"sha512-PjCdew0WqybdnWhii1fl13pGKtBEZEsvs7Y78JW7aNWFHZemM257wxVQxktnV3u8qU6i/qcOqWVPneUL+oCsWw==","size":9738},"LICENSE":{"integrity":"sha512-vtA4I7+X8PVvzNMJKTg2f5dLtOvD84KOxsHEMPf303Tnt/XEn2MzINFWUQLHXM3ygId7a3ac9gi6W7ennQT+yQ==","size":1087},"README.md":{"integrity":"sha512-0R17CSoxSkdpse3rr4ZKkfZS2qVxuAxhYh+asTCMqMl7KJ9hw4MPECjWGP4HFGYSrb6tNP5MSW1zB/SaeCkfNg==","size":8310},"lib/ipaddr.js":{"integrity":"sha512-aH6VhJR0FGiCFbUZup075KdTJrR69mw4FZAClPmLPCpDFhxnuRFnzpzt+i2riSO6Mek2G9fGMUx/JoVHXA7lsQ==","size":19333},"lib/ipaddr.js.d.ts":{"integrity":"sha512-x1rqlFHlqeGjpKa2ew+oiGszFjl4HGvkzb00LhPu/brfb4bcSW0TgAHylZyn9QqYEtb1qUuyE92KJlcxrzhoDQ==","size":2885}}
