{"package.json":{"integrity":"sha512-eh0gX2sGFCMT3zovHRSdDxgBJp0G0X4Ss6gTmKYhVrBx1kbaszJJfB0Nmoc/tYp/437mtLnVPIoQ7m8quUNAEA==","size":1306},"README.md":{"integrity":"sha512-ykhwEjQb4dJohdaKfjpRV67dSHASKgFrxxQVUFutFUb/o0wwXTqF8WmPVbO/9PNocgJ5EeTITelfUSBZiEC4iQ==","size":4198},"LICENSE":{"integrity":"sha512-HKzZERuesnoP0ybdGdYb33Z+RD7h3QnZg6+BGZ7NoNfPBH+9GLkAx9dzlysSeNXTwZ+nU1kTM8BMJ92sca9kIg==","size":1094},"index.js":{"integrity":"sha512-9/qDDKM7zgjDe4eJ6t21vGhTx3TuhsltgB3tvsWVUwaxpLzD9urjOtTqcyeFZ62pA46rirHpWyVvLQYPegY4jg==","size":2479},"HISTORY.md":{"integrity":"sha512-n8NSP/V8mfvSdygZ6iuAqRHkYD6UztshXgFExXLHmK1Mt36U1ZIIACDE+AdNCL+CCY4ehFKNfDcZyjsO537V0A==","size":1732}}
