{"package.json":{"integrity":"sha512-Egz/c4PXi793RvERAelz7Qr50N7WU3gj9Ky/plnSnBvQnVXsQ0vcdmHybLUni6zHalXZUkh1NDH0CZ+Y+VMvlA==","size":822},"dangerous.js":{"integrity":"sha512-V1ijNeeQWWDiDwl0EHj2WEoS1YFSxGKhehNLyKHc1d3tMXN4Swia06XMwaywcNIYVSou4CY/u9zows5kYyexbA==","size":1483},"LICENSE":{"integrity":"sha512-k0AAPl2+l2aXJELal/gk/Evs4mwZH85TEJk4NnF82dBm6oAIzWhWR+8/xzv/3O645VSxacdBHswzak8kcPEEaQ==","size":1094},"Porting-Buffer.md":{"integrity":"sha512-B1GbhdmFcCgi3NXgtqETcnvFP5WjPpiwxa5u4UCx0ZFwsFhVvGJqsOJQDDA1HlYNQE4VKed1aL+Aulm71FMMIQ==","size":12794},"Readme.md":{"integrity":"sha512-YGqyINPpACrXk3S76qHYgi68ud6aPdLTHRssGBsZPPMS0NvCXVRnf+MCkA3R3UB1uzQMpQ7U3WSEX8ADpHdaHQ==","size":8261},"safer.js":{"integrity":"sha512-azwWVBJG3fG9EsDPU3/FTdntkyxwqDTY31fWdYvJUyr1VJENSykvafpbP9C19m3OJFHrP2zxm6KV0Tl7ytildA==","size":2110},"tests.js":{"integrity":"sha512-GAN5rI1j8l0nYSvxhaq2c2FivEaiGaf0JHwXS1JaCIq+oHr0f0ahpYh3S2uXXXLxbkihbkI+kyCFkd+jlCgrLQ==","size":15735}}
