{"package.json":{"integrity":"sha512-bBgQZ36Yz7bR72ypnZgo7M05qlstUTCDpR5eRCmO0K+qsAXoArzMwGn1uvO6WcjoU7wNrnWRFUdxkrRv2Fwvkg==","size":783},"index.d.ts":{"integrity":"sha512-5CDG8qFWBd6Tj3eghUU+bA6EtiqudkCqe/DldlNPawf9787qFMsnc+mn+wQohbW9EI75jpAlijfT6QcwfJ/GdA==","size":8738},"index.js":{"integrity":"sha512-YAtJ9Jgy7lH/2PbJlhY4fZO7H8Kv7nHSBm+YLjkIChUImZ7y4r9xTV9q2rqoty08XNtEXIw2tnBk3Xazd7f4iQ==","size":1529},"LICENSE":{"integrity":"sha512-7yM/jbYJtwJeLgJzVe4LXntltTdQZBLKGk2V508r4v4oTDo/o2y52F29GjX+ZQ/hTeW02TqwcfICTB/Iz0BzDg==","size":1081},"README.md":{"integrity":"sha512-QYUyeTTLQuhJXaRRxvwaPLX9Tj5ckaRrDAfAxKScA++GIjMuDEQdANy17N6dKT52ogvcap+mqm5xPG8q4Rpo/Q==","size":19555}}
