{"package.json":{"integrity":"sha512-Jg0O0jxnK5q+11V9ZmRITnmyssIE9u6H6edSQvkhsNwvZhE6smXwcLkngCzSC51A4hdPB4jaVuJpOfsQyPiFpg==","size":857},".npmignore":{"integrity":"sha512-t1WxIBi70tpcN/Duo9bQQCgJWi59EIEGULHnM2Sd+udXpSNMj7ZqkKsBbCV1qjLyQVN2i4Q+i3TY+Elrltnb0Q==","size":79},"README.md":{"integrity":"sha512-nUiAEiAvg6h1q/55JfUHiMTDBKg8XqZGZffThIKtdgDyEOV/LoV2k8hkeaKw9zv+nYi3lqROR9v0DpKqme0P4w==","size":1319},"LICENSE":{"integrity":"sha512-WPBZ0f9KBLUihMjFgDjNrI/HCw4aqgED+L4r2ShGH2yeS/CoygiX/WMKAczuE7jeNsvJfsFIJKF1aRSMzIWYbQ==","size":1084},"index.js":{"integrity":"sha512-6JKGNifPxXg50jqGRwEKarF8doO4J78HzG4TD32TeBYHXryDwBPV+/bJj2Xq74OAk+ii+JGovV6dVpN4IvY+9Q==","size":381}}
