{"package.json":{"integrity":"sha512-5IF0kl9SVM87V/H+SeifhuirSrlJVqcoSQVNi2hJEX7dFH2XrrPmwPzpMjGP7AtBw7Sd3fhQ51BA6EVxKr0jHw==","size":1153},"README.md":{"integrity":"sha512-1blEe3vOLik05ygEUfFwoSFH0aKN99dKsRJPwN/jwRg6FEeb3KrmU2dwqVo2+4Llel9jbPWRNmNSQL+PMRhdQA==","size":1637},"LICENSE":{"integrity":"sha512-QOMBdEM0CODi7UbSQ3OxLe9H9UXZGDt7zijU3djIu1KAdcfyDhGPN2YdufG7o1iZnYGhRCXrPgpKIIZd/LUxgg==","size":1094},"index.js":{"integrity":"sha512-BRFAzIPWlqpb+MzudaaBhJ57/ZjOZvk8Gd3Z2V/mJaUtrB068NpGGswD8kueOXMeh+d8tCRGPTB7HW7L14i8qQ==","size":1360},"HISTORY.md":{"integrity":"sha512-J3c+0ssk2rFMopYCDSFCDKYQpT7ZdMZ9LPTfavzrdkIy/j7R6iuwbk9ZpFr5E76DR/DU0SYbABtEG33zX2ugAA==","size":306}}
