{"package.json":{"integrity":"sha512-hnb9y+A/TiflbouyzpSGQSTskIq6R8qFakBzqTfZ1M8HoWZ1Z9jTnlC4tNWs4QI2Jzm6kzUB9HXun53KshXeBQ==","size":1184},"HISTORY.md":{"integrity":"sha512-Xkh4ByG+sv4UQbR5Z4Tuwmwb3bdUF1Y+HdGJ5uUuWfGPAmgAdLtIbTaN9gobuUC3qPHL4/COx0EHrWU8ulsV4g==","size":917},"index.js":{"integrity":"sha512-hqDXcMCLfmHeo/Y7EnNuEXN4dNMmUPJjo3KMAckwJ+0wX6gK7AWZdYTn9uvo943Q8XwmoetfxGU6+rUBlx/N2g==","size":2900},"LICENSE":{"integrity":"sha512-xO02WkYvJ3ojqKZndO1ENdbm6x8zGmH0cJlE8FBAhui/oKexj8L5ZF3uGMIP0C4Kar167uCdsMYLpwpk5VkhCw==","size":1178},"README.md":{"integrity":"sha512-wjqqoohxNs6PTq3vQb2oy+uERhQ/T1AwniMYar/zb0nJkiIBAG6STyctqEoGGArji2OdDgZiDk6bs2vUxOQCNg==","size":2278}}
