{"package.json":{"integrity":"sha512-8KPc9p6OXmXVOD4jD05Gg0D/aYUEazv6vXXYmUx+82gm7MEILQUCJAPzQ/CnvQTPmceLZJ0bM5BMVXVBWywfTA==","size":1070},"README.md":{"integrity":"sha512-SHmldM+85U+AerQtyLGhHA4oy0VWIRdXCYCAGlvlnyezVPg69yUO9f4M88gXTBmN/kA58r6Z/JGnKyT/bzE4aw==","size":2796},"LICENSE":{"integrity":"sha512-kUNaSudr3oFelR5CZj+LZI645SXrXybwmMu3E9V/JfRHYL4ydGdNrdTEB/F0xUkqq5sp6AX8JPXg07nfFh3F5Q==","size":1089},"index.js":{"integrity":"sha512-dI8Cq6MLL3mK8OA3JUW0Cn22d+oY57aTygra2lq7FcY2+Dx9Gcn6U49ZJE0fdbmnxg/qDJvWeY5JFnyRlGdasA==","size":4809},"HISTORY.md":{"integrity":"sha512-75Ryl01kUM36OBWqiP5t3tJx29NpP7U5pCG3Q1WEgfUpqXc0K/Tt2HEij8Fs7CQ8C4wzrJQwWnAIPCr7kXUzMQ==","size":436}}
