{"package.json":{"integrity":"sha512-4h67SJfudw3r1MPxsNz1I5f+36KLa9faHBzow3GxcPcpLQ51go7K06SzTVdN2u45VdoXl9juerdbqTwrt+8APg==","size":947},"README.md":{"integrity":"sha512-FAOzCOKBwxsnjwSqQ6vxsO83fYtvKlvn/qfxWERoYeX6yQsyNzS4ECNGdWW0dxoZfvGz+Y4oP2hBDGLeHgkXvA==","size":1694},"LICENSE":{"integrity":"sha512-RLl2rcL40bbof+03Xjq41sFV7ov3OQJpDqiJG7joXryZF1FfXD+GaxA3QExKYrz+g615rFv+V+vT3ZUxdmaPFw==","size":1180},"index.js":{"integrity":"sha512-Bsj13iVqkwA3mgdc1V2azJ2bKefpE9CPlkzSzTR8xNXRqVuK3BWTZDGqZ7azmtoryMZQzykrqrm9jyQVci8O4Q==","size":1040},"HISTORY.md":{"integrity":"sha512-RGwU4dIZgMbSeh5jQEfH3lNvD6rl/XEWRqOe1RoEafGNBlFinJVyJchyky+OTXct+dQb2RTvKIm1638kSCNzXg==","size":427}}
