{"package.json":{"integrity":"sha512-d4r/tFDUOchjUQyCSaZipkrBpzYsoEe7hLnUJkPEXC0Xui49GhAubYUdj2RQOwulXQq29adDdEDfemf2AvWnag==","size":554},"LICENSE":{"integrity":"sha512-bYuXCL+h88+itj+QFSy28mlgwrpU+hGhbBPh1aP4X0EhUWaZAltrdZ4FGydlCbHWlRC2RCQUNOb4+Bs9+lqOYw==","size":1103},"index.js":{"integrity":"sha512-U2Q33Yw110dIx/4l1tVCcQPND/+otuqtLXhqmklDGR68F2O9TRBEVSgKV4nHZAeSeNTvM7GCDlGthnSWVmKmxw==","size":3328},"Readme.md":{"integrity":"sha512-2Np3uHGyezOAcOnuh4PwwL9VetjwFhyo7bt4LSe7XCCqc7RISRa1pruULTE1VI/wAGyy1WtyizvpJyWbKIlkqw==","size":1102},"History.md":{"integrity":"sha512-5bhCn5Pln45KGiUPnK8VKUzS0DzIvS8ZYubb3YRO9+9QPnhAkfMY6wTZ+z/zD18zAeDJxFJFfoRYtsWfBxtWlQ==","size":694}}
