{"LICENSE":{"integrity":"sha512-UMHacIyP0mdeqn3RwddNQmJM+tRnkJ36atiCfecziXFoderaQYtNoFYpZyiyjcCVnPdjkihNzO1GiFfR8hhqmQ==","size":1099},"index.js":{"integrity":"sha512-P7ZjIvyLa82ShMqIltVACEp4GKpXI52H7g3K8pup9SmpWJBmhbLGuwTa93j67YFYgRk05lbblo5d1e4xhOprMA==","size":136},"db.json":{"integrity":"sha512-D/sdraW8Iy3KA2WJH8rMd4fcSZzar4r1LyP8rTDqOHrGsvG3UIoXe3YUXiv378y58Xq9kIBA0zkCuN0igJ7ilw==","size":174026},"package.json":{"integrity":"sha512-pmASgC3ncZVd3T3oZsYTaaXfTBbiCYohVG/u9m08qSIN6PvzwM6tKTTrjEOP4UlQT/Fm+bw2fJhon60B5gxwFA==","size":1543},"HISTORY.md":{"integrity":"sha512-6YwO5vG7kr78z7bAmKYwbzxfodS0O+YF4CTHRoAiCCuhiEy6h36mAZTZUH35ILm4SiU12d6v+cdu6adg5CBijA==","size":10528},"README.md":{"integrity":"sha512-fx3q7xi9/Hz7eA3to8Z4bBZI7ZFsXce60ltXLNapacg+gMLc6FtmYIHZvCSN8onNibbZwH5gQPCD/gWXfYz8iA==","size":4027}}
