{"package.json":{"integrity":"sha512-/dAwFJYaXP+weSlHEe1PWvnHYhoJwwHmsDn9RE5Vlkio+6lbQevJZcnvNEmAU6CutrdlJhckYAZebXd2crsa5Q==","size":1139},"HISTORY.md":{"integrity":"sha512-iL4KmLNfrCUpmvGFyw301IrAHhOdB4y29HXat3mIIvx6U2tSABtuOjRuCkEXadOXs8Na4Fm18SM6GCdZDJD7oQ==","size":2698},"index.js":{"integrity":"sha512-qEh2EtM+JQODEK3kWIxYbUGqhfywZJ/PQiZhP6YoabQ7c+kGqluXuvkqGmWuXB2h9nV3ZIUnODSWfIdOKBeRRA==","size":4037},"LICENSE":{"integrity":"sha512-Scr4piRfVq7q+vQQBTpyWGusX5lDBTzo+GtrnyDcyNnVU8Xu2mkHXKKVHU+knl9ox1PB8G3VVpgjBzU0eBh8EA==","size":1175},"README.md":{"integrity":"sha512-ZUO5X0aiQyw8ArQh6xuWewlAMgWiGC3nAvJkAoZhut67D1j48ifkRDjyh+UNavs/Y2bDV5VSTI5Kc3PwezqLmw==","size":8809}}
